Virtutes apostolorum 	90
Apparatus ad Authenticum 	144
Apparatus ad Codicem 	236
Apparatus ad Digestum novum 	149
Apparatus ad Digestum vetus 	201
Apparatus ad Infortiatum 	152
Apparatus ad Institutiones 	287
Apparatus ad Libros feudorum 	87
Apparatus ad Tres libros 	135
Ad celebres rex caelice 	30
Admonitio ad Nonswindam reclusam 	140
Summula pauperum 	100
Visio Eadmundi monachi de Egnesham 	25
De locis sanctis 	39
De cura accipitrum 	6
Quaestiones naturales 	28
Martyrologium 	43
Historia translationis sancti Benedicti 	85
Carmen de pulsibus 	16
Carmen de urinis 	32
De ordine iudiciario 	114
Mysterium de agno paschali 	74
Capitula fidei christianae 	42
De plurificatione possibilis intellectus 	35
De regimine principum 	350
Historia Bohemica 	38
Cosmographia 	36
Anticlaudianus 	117
Ars praedicandi 	127
De fide catholica 	33
De planctu naturae 	133
Distinctiones dictionum theologicarum 	41
Liber poenitentialis 	41
Regulae caelestis iuris 	51
Sermones 	31
Liber consolationis et consilii 	168
Liber de amore et dilectione Dei et proximi et aliarum rerum et de forma vitae 	39
Liber de doctrina dicendi et tacendi 	290
Perutilis logica 	38
De anima 	66
De animalibus 	113
De caelo et mundo 	34
De causis et processu universitatis a prima causa 	36
De causis proprietatum elementorum 	40
De corpore Domini 	84
De generatione et corruptione 	50
De homine 	40
De intellectu et intelligibili 	81
De iuventute et senectute 	42
De memoria et reminiscentia 	44
De mineralibus 	139
De morte et vita 	41
De motibus animalium 	33
De mysterio missae 	84
De natura et origine animae 	57
De natura loci 	49
De nutrimento et nutrito 	58
De sensu et sensato 	44
De somno et vigilia 	60
De spiritu et respiratione 	44
De unitate intellectus 	27
De vegetabilibus 	40
Ethica 	29
Metaphysica 	40
Meteora 	80
Physica 	56
Super Porphyrium De V universalibus 	25
Liber de virtutibus herbarum, lapidum et animalium (Liber aggregationis) 	76
Mariale 	33
Speculum astronomiae 	60
Chirurgia (secundum versionem Gerhardi Cremonensis) 	33
Flores 	40
Introductorius (secundum versionem Johannis Hispalensis) 	200
Admonitio generalis 	40
Carmen « Continet iste decem » 	35
Carmen « O vos, est aetas » 	28
Compendium in Canticum canticorum 	40
Conflictus veris et hiemis 	62
De animae ratione ad Eulaliam virginem  	59
De dialectica 	54
De fide sanctae Trinitatis et de incarnatione Christi 	92
De virtutibus et vitiis 	168
Dialogus Franconis et Saxonis de octo partibus orationis 	24
Disputatio de rhetorica et de virtutibus 	48
Liber sacramentorum 	38
Praefatio ad librum de psalmorum usu 	89
Quaestiones de sancta Trinitate 	69
Quaestiones in Genesim ad litteram per interrogationes et responsiones 	54
Vita Sancti Martini Turonensis 	67
Vita sancti Vedasti Atrebatensis episcopi 	80
Vita sancti Willibrodi Traiectensis episcopi 	71
Dicta Albini de imagine Dei 	130
Aenigmata 	31
Sermones de sanctis 	39
Scala fidei 	128
Sermones de tempore 	41
Memoriale de praerogativa Romani imperii  	60
Summarium biblicum 	53
Doctrinale   	400
Massa compoti (Computus ecclesiasticus) 	76
De vario accipitris casu et eorum medela  	0
Corrogationes Promethei 	20
De naturis rerum 	15
De nominibus utensilium 	26
Lectura super quattuor libros Sententiarum 	40
Viaticum (secundum versionem Constantini Africani) 	23
Liber regalis (sive Pantegni secundum versionem Constantini Africani) 	120
De statu et planctu ecclesiae  	29
Eclogae de ordine Romano et de quattuor orationibus in missa 	27
Liber officialis 	89
Expositio in Apocalypsin 	30
Libellus de conflictu vitiorum atque virtutum 	158
Sermo de Assumptione sanctae Mariae 	18
Sermo in Purificatione sanctae Mariae 	55
Liber pastoralis de simonia 	171
Sancti Maximi et Iohannis Scythopolitani scholia in Dionysium Areopagitam 	19
Translatio corporis s. Bartholomei apostoli Beneventum et miracula 	29
Translatio sancti Stephani 	87
Vita Iohannis Eleemosynarii 	67
De amore 	37
Confessio Catholicorum generalis 	40
Lumen confessorum  	35
Collectio capitularium 	64
Cur Deus homo 	69
De casu diaboli 	34
De conceptu virginali et de originali peccato 	42
De concordia praescientiae, praedestinationis et gratiae Dei cum libero arbitrio 	30
De grammatico 	31
De incarnatione Verbi  	36
De libertate arbitrii 	34
De processione Spiritus sancti 	35
De veritate 	32
Epistolae 	93
Monologion 	42
Orationes et meditationes 	33
Proslogion  	56
Dialogus beatae Mariae et Anselmi de passione Domini  	51
Glossa ordinaria in Epistolas Pauli 	115
Collectionis canonum libri XIII  	26
Antidotarius magnus 	34
Confessionale « Defecerunt » 	279
De ornatu et habitu mulierum  	95
Summa moralis 	87
Tractatus de censuris ecclesiasticis sive de excommunicationibus 	64
Tractatus de restitutione 	78
Sermones de tempore et quadragesima 	189
Apocalypsis Goliae 	69
Historia apostolica 	59
Confessio 	31
Liber de pomo (De morte Aristotelis) 	90
Liber triginta verborum (?) 	26
Secretum secretorum 	500
Commentarium in s. Thomae de Aquino libellum « De ente et essentia »  	32
Tractatus de declaratione difficilium dictorum et dictionum in theologia 	67
De secretis naturae 	35
Alphabetum narrationum 	93
Liber de floribus rerum naturalium 	10
Speculum monachorum 	198
Articella 	200
Asinarius 	18
Auctores octo morales 	0
Auctores sex (sive Liber Catonianus) 	0
Vita sancti Eligii 	115
Categoriae decem 	0
De spiritu et anima 	250
De vera et falsa poenitentia 	39
De verbis Domini 	200
De vita christiana 	157
Manuale 	476
Meditationes 	146
Sermo de contemptu mundi ad clericos 	36
Soliloquia 	47
Speculum peccatoris 	188
Isagogicus libellus pro conficiendis et epistolis et orationibus 	79
Lectura in evangelium Matthaei 	42
De mirabilibus sacrae Scripturae 	71
Caerimoniale Romanum 	25
Musica disciplina 	30
Aureum Pater noster 	76
Commentarium magnum in De coelo Aristotelis (secundum versionem Michaelis Scoti) 	45
Brocardica 	36
Summa Codicis 	106
Summa Institutionum 	68
Lectura feudorum 	31
Barlaam et Josaphat 	100
De proprietatibus rerum 	317
Brocarda 	63
Ordo judiciarius 	33
Summa de casibus conscientiae 	512
Milleloquium sancti Augustini 	50
Lectura Digesti novi 	40
Lectura Infortiati 	63
Lectura Trium librorum 	27
Liber minoricarum decisionum 	111
Tractatus de alimentis 	59
Tractatus de duobus fratribus 	68
Tractatus de insigniis et armis 	103
Tractatus de repraesaliis 	57
Tractatus de tyranno 	37
Tractatus testimoniorum 	43
Oratio ad adolescentes (secundum versionem Leonardi Bruni) 	427
In Apocalipsin libri XII 	43
Chronica maiora 	81
Chronica minora 	80
De arte metrica 	90
De locis sanctis 	47
De natura rerum 	134
De schematibus et tropis 	100
De tabernaculo 	68
De templo Salomonis 	45
De temporibus 	93
De temporum ratione 	245
Expositio Actuum apostolorum 	103
Expositio Apocalypseos 	113
Historia ecclesiastica gentis Anglorum 	163
In Cantica canticorum allegorica expositio  	65
In Ezram et Neemiam prophetas allegorica expositio  	32
In Lucae evangelium expositio 	90
In Marci evangelium expositio  	95
In Regum librum XXX quaestiones 	44
In epistulas VII catholicas 	112
In librum beati patris Tobiae allegorica expositio  	73
In proverbia Salomonis  	90
Versus de die iudicii 	41
Vita sancti Cuthberti 	39
Modus paenitentiarum  	31
Regula sive Collectio capitularis 	35
Collectio capitularium 	25
Romuleon 	33
Summula in foro poenitentiali 	21
Expositio super septem visiones libri Apocalypsis 	60
De consideratione ad Eugenium papam 	49
Epistolae 	400
Liber de gradibus humilitatis et superbiae 	71
Sermones de diversis 	27
Sermones per annum 	30
Sermones super Cantica canticorum 	47
Carmen bene vivendi 	81
Exhortatio ad religiosos 	26
Liber de bono conscientiae 	230
Meditationes piissimae de cognitione humanae conditionis 	660
Super decretalia commentarii imperfecti 	46
Tractatus de officio missae 	81
Liber de conservatione vite humane 	53
Lilium medicinae 	78
Tractatus de crisi et de diebus criticis 	63
Chronica comitum Tolosae 	22
De temporibus et annis generalium et particularium conciliorum 	42
Flores chronicorum 	62
Imperatores Romani 	49
Reges Francorum 	50
Flores dictaminum 	44
De contemptu mundi 	38
Egregium opus (Mariale) 	51
Casus longi super V libros Decretalium 	20
Cosmographia 	53
Vita sancti Uodalrici 	72
Biblia latina cum glossa ordinaria 	4000
Distinctiones sive concordantiae historiales Veteris et Novi Testamenti 	30
Revelationes 	33
De disciplina scholarium 	136
Commentaria in Topica Ciceronis 	30
Consolatio philosophiae 	900
De divisione 	197
De syllogismo categorico libri duo 	30
De topicis differentiis 	134
In Porphyrii Isagogen commentorum editio duplex 	29
In librum Aristotelis Perihermenias commentarii editio duplex 	26
Institutio arithmetica 	150
Institutio musica 	170
Opuscula sacra 	143
Summa introductoria super officio advocationis in foro ecclesiastico 	37
Expositio orationis dominicae 	33
Pharetra 	120
Psalterium minus beatae Mariae Virginis 	28
Stimulus amoris 	500
Breviloquium 	238
Collationes de decem praeceptis 	35
Commentarius in quattuor libros Sententiarum  	50
De reductione artium ad theologiam 	34
De triplice via 	300
Itinerarium mentis in Deum 	138
Legenda sancti Francisci (maior) 	400
Legenda sancti Francisci (minor) 	43
Lignum vitae 	175
Soliloquium 	257
Tractatus de praeparatione ad missam  	111
Rhetorica novissima 	80
Liber sextus Decretalium 	50
Quadripartitus figurarum moralium 	118
Passio sancti Blasii 	56
Renotatio librorum domini Isidori 	30
Brunellus 	36
Summa de paenitentia seu de casibus conscientiae  	44
Descriptio terrae sanctae 	94
Decretorum libri XX 	160
De fide orthodoxa 	117
Carmina 	26
Sermones 	244
Dialogus miraculorum 	61
Theorica planetarum 	60
Capitula Almansoris 	40
De anima 	172
Historia ecclesiastica tripartita 	155
Institutiones 	90
Variae 	170
Expositio Psalmorum 	146
Centiloquium Hermetis (secundum versionem Stephani de Messana) 	82
Chartula 	153
Opera poetica 	67
Chronicorum libri IV cum continuationibus 	36
Lectura in Codicem, Additiones et glossae  	38
Recognitiones (secundum versionem Rufini Aquileiensis) 	111
De sex alis cherubim 	93
Constitutiones 	400
Collatio Alexandri et Dindimi 	80
Collectio 30 capitulorum 	23
Collectio 5 librorum 	32
Collectio 74 titulorum 	32
Collectio Anselmo dedicata 	20
Collectio Dacheriana 	56
Collectio Dionysio-Hadriana 	89
Collectio Hibernensis 	109
Collectio Hispana 	19
Collectio Lanfranci 	30
Collectio Vetus Gallica 	23
Compilatio de libris naturalibus Aristotelis et aliorum quorundam philosophorum 	40
Computus manualis (Cisioianus) 	31
Concordantiae Bibliae 	10
Summa confessorum 	36
Quaestiones super quattuor libros Sententiarum 	62
Exordium Magnum 	42
Speculum beatae Mariae Virginis 	227
Pantegni 	0
Viaticum 	0
Sermo de vita sancti episcopi et confessoris Zenonis 	35
Corpus juris civilis 	0
De differentia spiritus et animae (secundum versionem Johannis Avendhaut Hispani) 	85
Concordia Canonum 	34
Cur mundus militat sub vana gloria 	50
Liber de natura falconum 	12
Monarchia 	21
De excidio Troiae historia 	200
De exterioris et interioris hominis compositione secundum triplicem statum incipientium, proficientium et perfectorum libri tres 	440
De amazonibus 	25
De casibus reservatis episcopis 	62
De decretalibus 	20
De diebus aegyptiacis 	28
De doctrina cordis 	190
De excellentia virginis Mariae 	29
De forma vivendi monachorum 	40
De Lombardo et lumaca 	25
De non ducenda uxore 	66
De ordinis totius missae expositione 	31
De signis zodiaci 	27
De temperamentis 	45
De utilitatibus astrolabii 	70
Liber scintillarum 	368
Collectio canonum 	30
Dies irae, dies illa 	70
Digesta 	0
Apostille super Infortiato et Digesto novo 	67
Tractatus de successionibus de intestato 	61
Vita Pachomii Tabennensis 	53
Collectio Dionysiana 	34
Disticha Catonis 	105
Fons memorabilium universi 	36
De unitate et uno 	57
Dominus ac redemptor 	37
Commentaria in Sententias Petri Lombardi 	80
Graecismus  	210
Laborintus  	55
Annales regni Francorum 	38
Vita Karoli Magni 	137
Liber visionum 	150
Epistola Alexandri ad Aristotelem 	150
Epistola Lentuli 	75
Epistola Morbosani 	86
Epistola presbyteri Johannis 	208
Epistola Soldani 	67
Epistolae Senecae ad Paulum et Pauli ad Senecam  	104
Epitome Novellarum Justiniani 	37
Etymachia 	110
Libellus carminum 	71
Excerpta ex operibus sancti Augustini 	23
Evangelium Nicodemi 	500
Expositio quattuor magistrorum super Regulam Fratrum Minorum 	37
Facetus (Cum nihil utilius) 	45
Facetus (Moribus et vita) 	30
Roma instaurata 	51
Epitome de re militari  	295
Flores temporum 	106
Expositio in epistolas beati Pauli ex operibus sancti Augustini 	85
Formula honestae vitae 	76
Formulae spiritalis intelligentiae 	29
Commentarii in quattuor libros Sententiarum 	38
Quaestiones libri Physicorum  	39
Rerum familiarium libri  	55
Rerum senilium libri  	39
Secretum meum 	94
Vita Terrentii 	86
Historiarum libri XII 	42
De arte venandi cum avibus 	10
Antigameratus 	57
De fide ad Petrum 	39
De spermate 	48
De tribus sociis 	30
Poetria nova 	200
Gallorum levitas Germanos iustificabit 	28
Aesopus 	190
De potentiis animae  	33
Expositio librorum Physicorum 	32
Expositio super Artem veterem 	65
Expositio super libros Politicorum 	39
De vita et moribus philosophorum 	105
Alexandreis 	209
Carmina 	79
Propter Sion non tacebo 	24
Dissuasio Valerii (sive Epistola Valerii ad Rufinum ne ducat uxorem) 	161
Passionarius Galeni 	44
Distinctiones 	53
Summa super titulis Decretalium 	280
Historia regum Britanniae 	215
Prophetia Merlini 	79
Pantheon 	39
Pentachronon sanctae Hildegardis 	108
Disputatio inter Catholicum et Paterinum hereticum 	54
Regulae de numerorum abaci rationibus 	40
Vitae fratrum Ordinis Praedicatorum 	50
Sermones de sanctis 	42
Sermones dominicales 	82
Cordiale 	60
Liber medicaminis volucrum 	16
Epistola XVI  	41
Sermo ad clerum Traiectensem de focaristis 	45
XXIV Articuli de notoriis focaristis 	37
Commentum in primum et secundum librum Sententiarum  	29
De spiritualibus ascensionibus 	125
Soliloquium 	34
Otia imperialia 	30
Gesta Romanorum 	138
Compendium medicinae 	42
Disputatio iudaei et christiani 	32
Commentaria in Boethii opuscula sacra 	51
Commentarium in Psalmos 	80
Commentarium in sancti Pauli epistolas  	73
Glossa ordinaria in Lamentationes Hieremiae prophetae 	88
Glossa ordinaria in Actus apostolorum 	30
Glossa ordinaria in Apocalypsim 	30
Glossa ordinaria in Canticum canticorum 	70
Glossa ordinaria in Danielem 	30
Glossa ordinaria in Deuteronomium 	30
Glossa ordinaria in Ecclesiasten 	30
Glossa ordinaria in Ecclesiasticum 	30
Glossa ordinaria in epistolas canonicas 	30
Glossa ordinaria in Exodum 	30
Glossa ordinaria in Ezechielem 	30
Glossa ordinaria in Genesim 	30
Glossa ordinaria in Hieremiam 	30
Glossa ordinaria in I Esdrae 	30
Glossa ordinaria in Isaiam 	30
Glossa ordinaria in Job 	30
Glossa ordinaria in Johannem 	222
Glossa ordinaria in Josue 	30
Glossa ordinaria in Leviticum 	30
Glossa ordinaria in libros Macchabeorum 	30
Glossa ordinaria in libros Paralipomenon 	30
Glossa ordinaria in libros Regum 	30
Glossa ordinaria in libros Tobias, Judith, Esther 	30
Glossa ordinaria in librum Judicum 	30
Glossa ordinaria in Lucam 	50
Glossa ordinaria in Marcum 	50
Glossa ordinaria in Matthaeum 	70
Glossa ordinaria in Neemiam 	30
Glossa ordinaria in Numeros 	30
Glossa ordinaria in Proverbia 	30
Glossa ordinaria in Psalmos 	30
Glossa ordinaria in Ruth 	30
Glossa ordinaria in Sapientiam 	30
Glossa ordinaria in XII prophetas 	30
Glosulae super Priscianum 	11
Expositio super orationem dominicam 	62
Goliae dialogus inter aquam et vinum 	27
Golias ad Christi sacerdotes 	55
Tractatus de constructione 	1
Decretum (Concordia discordantium canonum) 	245
Gratuletur omnis caro 	23
Lectura super primum et secundum Sententiarum 	40
Dialogorum libri IV 	1315
Homiliae XL in Evangelia 	1278
Homiliae in Hiezechielem prophetam 	707
Moralia in Job 	1666
Registrum epistolarum 	551
Regula pastoralis 	796
Decretales 	683
Decem libri historiarum (Historia Francorum) 	72
Libri VIII miraculorum  	48
Constitutiones novissimae 	22
Invectio in monachos 	26
Sermones ad status 	85
De arte bersandi 	5
Apparatus libri sexti Decretalium 	45
Rosarium decretorum 	27
Chirurgia parva 	4
Inventarium sive Chirurgia magna 	35
Historia destructionis Troiae 	240
Manipulus curatorum 	217
Sermones de tempore et de sanctis  	92
Arenge 	61
Dictamina rhetorica 	76
Exordia 	93
Petitiones 	39
Summa de vitiis et virtutibus 	28
Summa dictaminis 	96
Epistola de vita contemplativa 	111
De contemplando Deo ; De natura et dignitate amoris 	80
Epistola ad Rupertum (De sacramento altaris) 	54
Epistola ad fratres de Monte Dei 	249
De urina non visa 	63
Summa aurea super quattuor libros Sententiarum  	129
Expositiones vocabulorum Bibliae  	115
Liber de quibusdam ultramarinis partibus et praecipue de Terra Sancta 	27
Notae Dunelmenses 	1
Dragmaticon philosophiae 	83
Glosae super Institutiones Prisciani 	2
Diaeta salutis  	100
Tractatus de electionibus 	28
Commentarius in sententias 	36
Dialogus 	41
Oculus sacerdotis 	53
Rationale divinorum officiorum 	139
Speculum iuris 	130
De falconibus 	9
Gesta Normannorum ducum 	56
Centum meditationes passionis Domini nostri Iesu Christi  	55
Gesta regum Anglorum 	36
Dialogus de septem sacramentis 	50
De eruditione principum 	52
De eruditione religiosorum libri VI 	81
Sermones de dominicis et festis 	234
Summa de vitiis et virtutibus 	739
Apparatus in Summam s. Raymondi de paenitentia et matrimonio  	138
Flores sancti Bernardi 	34
Commentarium in Isaiam 	50
Enarratio in Cantica canticorum 	148
Expositio in Apocalypsim beati Iohannis 	175
Expositio in epistolas Pauli 	193
Homiliarium 	59
Liber paenitentialis 	72
Visio Wettini 	64
De arte calculatoria 	91
Distinctiones super V libros Decretalium 	163
De decem praeceptis 	385
De quattuor instinctibus (scilicet divino, angelico, diabolico et naturali) 	150
Quodlibeta 	95
Summa (Quaestiones ordinariae) 	27
Expositio super Pater noster 	86
Summa super quinque libris Decretalium  	101
Historia Anglorum 	74
Responsio contra tertium articulum Bohemorum De libera praedicatione verbi Dei. Responsio ad replicam Ulrici hussitae 	39
Elegia 	82
Horologium sapientiae 	446
Speculum manuale sacerdotum 	160
Quodlibeta 	43
Quaestiones Hebraicae in libros Regum et Paralipomenon 	43
Carmina minora 	76
De mysterio missae 	80
Sententiae septem sapientium 	33
Vita Beatae Mariae Aegyptiacae 	94
Causae et curae 	2
Epistolae 	59
Explanatio regulae sancti Benedicti 	27
Epistula Hilduini abbatis indigni ad cuntos sanctae Catholicae matris Ecclesiae filios et fideles 	34
Passio sancti Dionysii 	194
Revelatio quae ostensa est sancto papae Stephano et memoria de consecratione altaris sanctorum Petri et Pauli 	62
Gesta domini Dagoberti regis Francorum  	35
Aphorismi cum commento Galeni (secundum translationem Constantini Africani) 	0
Historia Apollonii regis Tyri 	200
Historia septem sapientum Romae 	72
De cognitione verae vitae 	119
Elucidarium 	348
Expositio in Cantica canticorum  	153
Expositio in Psalmos 	30
Gemma animae 	200
Imago mundi 	300
Sigillum sanctae Mariae 	59
Speculum ecclesiae 	100
Summa Gloria 	27
Commentarium in Genesim 	33
Commentarium in Matthaeum 	31
Commentarium in libros Machabaeorum 	40
Commentarium in libros Regum 	52
Commentarium in librum Iudith, Commentarium in librum Esther 	30
De rerum naturis (De universo) 	61
In honorem sanctae crucis 	81
Hymnus in Assumptione beatae Mariae virginis 	127
Officium de sancto Petro 	40
Passio sanctorum Ciryci et Iulittae martyrum 	45
Theologia mystica 	71
De avibus 	128
De claustro animae 	456
De medicina animae 	85
De nuptiis 	33
De rota verae religionis 	37
Sermones dominicales per annum 	69
Postillae in Bibliam 	421
Super libros I-IV Sententiarum 	41
Tractatus super missam 	236
Chronicon (sive De tribus maximis circumstantiis gestorum) 	40
Collationes tres de Verbo incarnato 	66
De archa Noe 	165
De arrha animae 	424
De assumptione beatae Mariae 	42
De beatae Mariae virginitate 	49
De institutione novitiorum 	238
De laude caritatis 	165
De meditatione 	168
De quatuor voluntatibus in Christo 	50
De quinque septenis 	100
De sacramentis christianae fidei 	250
De sapientia animae Christi 	86
De scripturis et scriptoribus sacris 	29
De substantia dilectionis 	98
De tribus diebus 	132
De vanitate mundi 	47
De virtute orandi 	335
Dialogus de creatione mundi 	52
Didascalicon de studio legendi 	207
Eulogium sponsi 	151
In Canticum beatae Mariae 	98
In Ecclesiasten 	108
In Psalmos 	85
In orationem dominicam 	30
Libellus de formatione arche 	88
Super Ierarchiam Dionisii 	122
Super Lamentationes 	76
Vita beatae Mariae 	41
Historia ecclesiastica 	60
In cratere meo Thetis 	47
Compendium theologicae veritatis 	911
De litteris 	26
Derivationes 	208
Conclusiones in libros IV Sententiarum 	46
Tractatus de dono timoris 	84
Epistola de tribus votis substantialibus religiosorum 	124
De virginitate sanctae Mariae 	51
De contemptu mundi 	672
De missarum mysteriis  	241
Apparatus in quinque libros Decretalium 	34
Novae constitutiones 	0
Commentarium in quattuor libros Sententiarum 	42
Institutiones canonicorum concilii Aquisgranenses 	73
Liber urinarum (secundum versionem Constantini Africani) 	12
Capitula Angilramni 	65
Allegoriae sive Liber de interpretatione quorundam nominum Veteris Novique Testamenti 	44
Chronica 	118
De differentiis libri duo 	120
De ecclesiasticis officiis 	124
De natura rerum 	58
De ortu et obitu patrum 	60
De viris illustribus 	34
Epistola ad Massonam episcopum 	38
Etymologiae 	1080
In libros Veteris ac Novi Testamenti prooemia 	53
Quaestiones in Vetus Testamentum 	68
Sententiae 	500
Synonyma 	600
Versus 	38
Epistula ad Leudefredum 	255
Collectio decretalium 	153
Itinerarium Antonini Placentini 	21
Collectio tripartita 	26
Panormia 	151
Decretum 	18
Legenda aurea 	951
Liber marialis 	70
Sermones de sanctis 	300
Sermones de tempore 	350
Sermones quadragesimales 	300
Viridarium consolationis 	152
De moribus hominum et de officiis nobilium super ludo scaccorum 	253
Compendium moralitatum 	114
Belial 	40
Historia orientalis 	125
Vita sanctae Mariae Oigniacensis 	30
Jesu, dulcis memoria 	88
Super Isaiam prophetam 	21
Apparatus ad Clementinas constitutiones 	240
Hieronymianus 	50
Summa de accidentibus mundi  	29
Catholicon 	190
Summulae Digestorum 	56
Summa de ecclesiasticis officiis 	100
Quaestiones longae super VIII libros Physicorum secundum ultimam lecturam 	26
Summulae 	17
Passio sancti Adalberti martiris Christi 	43
Commentum in Alcabitii Introductorium 	32
Rosarium 	30
Ars notaria 	28
Pupilla oculi 	42
Meditationes vitae Christi  	200
Tabula utriusque juris 	15
Conclusiones super quattuor libros Sententiarum 	105
Confessionale 	155
Libellus quaestionum casualium occurrentium in Summa et apparatu fratris Raymundi de Pennaforte 	30
Summa confessorum 	167
Clavis compendii 	3
Compendium grammaticae 	8
De mysteriis ecclesiae 	41
Dictionarius  	29
Distigium (Cornutus antiquus) 	80
Architrenius 	27
De bello, de repraesaliis et de duello 	54
Algorismus vulgaris 	110
Compotus 	36
De sphaera mundi 	104
Liber de exemplis et similitudinibus rerum 	83
Consolatio theologiae 	102
Expositio regulae sancti Benedicti 	45
Flores sententiarum beati Thomae de auctoritate summi pontificis 	30
Tractatus de aqua benedicta 	44
Vita sancti Gregorii Magni  	148
Annales seu Chronicae incliti Regni Poloniae 	65
Ordinatio (Opus Oxoniense) 	129
Quodlibet 	47
Sermones de tempore 	31
De arte audiendi confessiones 	51
De auferibilitate sponsi ab Ecclesia 	25
De cognitione castitatis 	30
De concordia metaphysicae cum logica 	2
De consolatione theologiae 	43
De contractibus 	49
De directione cordis 	31
De duplici statu curatorum et privilegiatorum 	27
De laude scriptorum 	24
De meditatione cordis 	39
De modo confessionis et absolutionis sacramentalis 	30
De modo excommunicationum et irregularitatum 	28
De necessaria communione laicorum sub utraque specie 	38
De non esu carnium 	25
De parvulis ad Christum trahendis 	28
De pollutione nocturna et praeparatione ad missam 	95
De potestate ecclesiastica 	37
De probatione spirituum 	52
De remediis contra recidivum peccati 	38
De remediis contra temptationes 	38
De simplificatione cordis 	32
De sollicitudine ecclesiasticorum 	44
De theologia mystica 	132
De visitatione praelatorum 	21
De vita spirituali animae 	51
Dialogus apologeticus pro coelibatu ecclesiasticorum 	28
Dialogus de perfectione cordis 	36
Opus tripartitum 	176
Quae veritates sint de necessitate salutis credendae 	30
Quaestiones quattuor circa poenitentiam et de detractione 	38
Regules morales 	45
Tractatus de simonia 	25
De spiritu Guidonis 	90
Scala coeli de diversis generibus exemplorum 	40
Breviloquium de virtutibus antiquorum principum et philosophorum  	160
Communiloquium 	144
Compendiloquium de vitis illustrium philosophorum et de dictis eorundem 	27
Legiloquium 	26
Ordinarium vitae religiosae 	44
Postilla in Apocalipsim 	37
Tractatus de arte praedicandi 	30
Tractatus de paenitentia 	22
De eruditione Christi fidelium 	36
Promptuarium Discipuli de festis sanctorum intimandis diebus dominicis 	31
Promptuarium Discipuli de miraculis beatae Mariae virginis 	35
Promptuarium exemplorum Discipuli secundum ordinem alphabeti  	36
Sermones Discipuli de tempore. Sermones communes omni tempore praedicabiles. Sermones communes de sanctis (a. 1418). Additiones (a. 1430) 	178
Sermones de sanctis 	70
Historia trium regum 	64
Epistola in rebus eclipsis 	60
Liber receptionis 	35
De ordine vitae et morum institutione 	38
De modis significandi 	23
Somnium morale Pharaonis 	112
Mammotrectus super Bibliam  	88
Apparatus in librum Sextum 	44
Vita sancti Nicolai 	608
Consolatorium timoratae conscientiae 	81
Manuale confessorum 	102
Praeceptorium divinae legis 	57
Tractatus de lepra morali 	84
Tractatus de reformatione status coenobitici 	50
Perspectiva communis 	62
Philomena 	34
Quodlibeta quatuor 	45
De potestate regia et papali 	30
De ornatu spiritualium nuptiarum 	36
Policraticus 	120
Homilia super "In principio erat Verbum" 	54
In Priscianum 	1
Periphyseon 	26
De orthographia 	23
Summa de auditione confessionis et de sacramentis 	68
Dialogus sive Speculum ecclesiae militantis 	25
Vita Columbani et discipulorum eius 	114
De origine actibusque Getarum 	41
Expositio orationis dominicae 	52
Meditationes de passione Christi 	150
Prognosticum futuri saeculi  	192
Elogium beati Ildephonsi 	48
Codex justinianus 	26
Institutiones 	0
Liber Floridus 	12
Summulae logicales 	17
Commentarium in quattuor libros Sententiarum 	36
Historia Romana (Historia Miscella) 	36
Chirurgia magna  	20
Chirurgia parva 	38
De curis oculorum 	1
Laudes crucis attollamus 	78
Practica sive usus dictaminis 	50
Legenda sanctae Clarae virginis 	65
Leges Visigothorum 	40
Nativitas et victoria Alexandri Magni (Gesta Alexandri sive Historia de preliis Alexandri Magni sive Vita Alexandri Magni) 	123
Cicero novus 	170
Commentaria rerum graecarum 	50
De bello Italico adversus Gothos 	127
De militia 	101
De studiis et litteris 	126
Dialogi ad Petrum Paulum Histrum 	57
Epistulae familiares 	586
Epitaphium Bracii Montonis 	37
Historiarum Florentini populi libri XII 	60
Isagogicon moralis disciplinae 	181
Laudatio Florentinae urbis 	43
Oratio Heliogabali ad meretrices 	68
Oratio in funere Johannis Strozzae 	65
Oratio in funere Othonis adulescentis 	68
Oratio in hypocritas 	196
Orationes tres Homeri in triplice genere dicendi 	59
Oratiuncula ad Martinum V 	42
Rerum suo tempore gestarum liber 	75
Vita Aristotelis 	64
De primo bello punico libri IV 	146
Lex Alamannorum 	55
Lex Baiuvariorum 	48
Lex Burgundionum 	19
Lex Ribuaria 	36
Lex Romana Burgundionum 	18
Lex Romana Visigothorum 	102
Lex salica 	88
Liber de sancta Trinitate 	59
Liber Floretus 	60
Liber Glossarum 	80
Liber historiae Francorum 	50
Liber pontificalis 	125
Liber quare 	56
Libri feudorum 	160
Expositio super regulam beati Augustini 	283
Flores psalmorum 	30
De disputatione vitae suae 	81
Flores grammaticae 	27
De itinere Terrae Sanctae 	31
Vita Christi 	50
Lumen animae 	205
De astrolabio 	32
De metris Boetii 	62
Vita sancti Maximini episcopi 	50
Magna est differentia inter predicacionem et doctrinam 	50
Venenum vitiorum 	70
Malogranatum 	150
Liber lapidum seu de gemmis 	161
Tractatus septiformis de moralitatibus rerum 	17
Liber Marci Pauli de Veneciis de consuetudinibus et condicionibus orientalium regionum (secundum versionem Francisci Pipini) 	60
De nuptiis Philologiae et Mercurii  	238
Formula vitae honestae 	519
Sententiae Patrum Aegyptiorum 	49
Chronicon pontificum et imperatorum 	500
Margarita Decreti 	125
Ars moriendi 	36
De puritate conscientiae 	171
Dialogus rationis et conscientiae de crebra communione 	265
De temporibus 	35
Circa instans 	240
Tobias 	106
Sermones 	40
Summa distinctionum super auctoritatibus Sacrae Scripturae 	42
Regulae urinarum 	62
Elegiae 	52
De consolatione medicinarum, simplicium, solutivarum libri II 	150
Revelationes 	220
Suppletio Milonis 	34
Liber Moamin falconarii 	29
Summa de iure canonico  	38
Moralium dogma philosophorum 	76
Musica enchiriadis 	50
Mythographus Vaticanus III 	47
Navigatio sancti Brendani 	93
Historia Brittonum 	40
Liber fugitivus 	64
Tabulae super Decretum, Decretales, Sextum et Clementinas  	56
Dictionarius pauperum 	183
Distinctiones 	44
De decem praeceptis 	248
De dilectione Dei et proximi  	270
De oratione dominica 	245
De tribus partibus poenitentiae  	33
Quaestiones super libros Sententiarum 	300
Speculum artis bene moriendi 	33
Distinctiones alphabeticae 	67
Postillae in Vetus et Novum Testamentum  	28
Liber de exemplis Sacrae Scripturae 	137
Postilla litteralis super totam Bibliam 	107
Directorium officii inquisitorum 	30
Antidotarium 	500
Commentarium in Consolationem Boetii 	115
Declamationes Senecae moralizatae 	41
Speculum stultorum 	40
Novellae 	0
Vita Mariae Magdalenae 	53
Relatio de mirabilibus orientalium Tatarorum 	78
Tractatus in laudibus sanctae Dei genitricis (Planctus beatae Mariae Virginis) 	100
Consilia 	29
Derivationes 	35
Novus Cornutus 	50
Chronica de duabus civitatibus 	44
De vetula 	36
De vetula (praefatio versificata) 	23
Pamphilus de amore 	60
Ars grammatica 	45
Elementarium 	146
Liber geronticon de octo principalibus vitiis (Verba seniorum) 	147
De corpore et sanguine Domini 	120
Epistola beati Hieronymi ad Paulam et Eustochium de assumptione Mariae virginis  	317
Passio undecim millium virginum secunda 	100
Liber testimoniorum 	131
Liber exhortationis 	246
Epitoma de verborum significatu 	41
Historia Langobardorum 	115
Historia Romana 	163
Versus in Laude sancti Benedicti 	28
Versus in laudem sancti Iohannis Baptistae 	12
Vita Gregorii 	90
Summa de poenitentia 	100
Publica Theophili poenitentia et satisfactio, qui Christum negavit et veniam beatae Mariae interventu adipisci meruit 	111
Vita sanctae Mariae Aegyptiacae 	134
Logica parva 	41
Sermones de tempore et de sanctis 	48
Pergama flere volo 	61
Confessio fidei « Universis » 	15
Sic et non 	12
Theologia scholarium 	12
Epistulae 	29
Dialogus contra Judaeos 	62
Disciplina clericalis 	75
Commentaria in quattuor libros Sententiarum  	37
Reductorium morale 	65
Carmina 	57
Compendium in Job 	141
Epistolae 	264
Summa Abel 	86
Verbum adbreviatum 	60
Historia scholastica 	800
Carmina sacra et preces  	90
Epistulae 	200
Meditationes super septem Psalmos poenitentiales  	44
Epistola Luciferi 	150
Liber ruralium commodorum 	130
Tractatus moralis de oculo (sive De oculo morali) 	103
Epistolae 	246
Summa super Priscianum 	32
Syncategoreumata 	26
Thesaurus pauperum 	155
Tractatus (Summulae logicales) 	160
De morbis oculorum 	34
Tractatus mirabilis aquarum 	63
Remedia contra tentationes spirituales 	36
Glossa in Psalmos 	490
Glossa in epistolas beati Pauli 	265
Sententiae 	1250
Libellus miraculorum sancti Agnelli 	26
Passio sancti Georgii 	51
Compendium historiae in genealogia Christi 	267
Liber de sacramentis 	31
Sermones 	74
Aurora 	470
De pulsibus 	47
Descriptio Terrae Sanctae 	13
Summa super Psalterium 	33
Physiologus 	235
Pilatus 	26
Poenitentiarius 	138
Institutio de nomine et pronomine et verbo 	81
Institutiones grammaticae 	780
Historia Alexandri Magni 	20
Glosae super Donatum 	3
Liber Tytan 	3
De septem itineribus aeternitatis  	100
Homilia de Assumptione beatae Mariae Virginis 	57
Commentarium in Leviticum 	59
Pantheologia 	46
Polychronicon  	159
Vita sancti Usmari 	27
Legenda sanctae Catharinae Senensis 	59
Summa casuum 	160
Summa de matrimonio 	70
Ars generalis ultima 	31
Liber de demonstratione per aequiparantiam 	31
Tabula generalis 	38
Tractatus novus de astronomia 	28
Ars brevis 	57
Regimen sanitatis Salernitanum 	85
Chronica 	30
Regula ordinis sancti Benedicti 	300
Commentarii in Donati artem maiorem 	14
Commentarius in Boethii Consolationem philosophiae 	51
Commentarius in Boethii Opuscula sacra 	21
Commentarius in Catonis disticha  	12
Commentarius in Donati artem minorem 	39
Commentarius in Martianum Capellam 	75
Commentarius in Prudentium 	15
Commentarius in Sedulii Carmen Paschale 	19
Expositio in Psalmos 	21
Expositio missae 	28
Expositio super Genesim 	12
Expositio in Matthaeum 	31
Liber medicinalis ad Almansorem (secundum versionem Gerhardi Cremonensis) 	8
Anatomia 	80
Signa prognostica infirmitatum 	46
Summa dictaminum secundum stylum Curiae 	45
Adnotationes in Psalmos 	76
De Trinitate 	91
De duodecim patriarchis (Beniamin minor) 	269
De eruditione interioris hominis 	116
De exterminatione mali et promotione boni 	98
De gratia contemplationis (Beniamin maior) 	132
De oratione dominica 	81
De potestate ligandi atque solvendi 	59
De quatuor gradibus violentae caritatis 	94
De statu interioris hominis 	123
In Apocalypsim 	51
Liber exceptionum 	294
Sermones 	98
Ars dilatandi sermones 	27
Summa « Qui bene praesunt » 	65
Expositio canonis missae 	68
Emendatio vitae  	108
Sophistria  	8
Summa in arte grammatica 	1
Commentum super Patrem nostrum 	43
Dicta CXLVII 	38
Templum Dei 	60
Testamenta XII patriarcharum 	79
Lectiones super librum Sapientiae 	172
Opus quaestionum ac determinationum super libros Sententiarum  	48
In Donati Artem Maiorem 	2
In Priscianum 	3
Historia Hierosolymitana 	84
Summa « Breve sit »  	1
Historia de rebus Hispanie sive historia gothica 	30
Libelli de iure canonico 	68
Libelli de iure civili 	52
Aurora 	32
Flos testamentorum 	42
Summa artis notariae 	80
Tractatus notularum 	45
Descriptio Terrae Sanctae 	115
Rudium doctrina 	25
Pastorale novellum 	30
Commentaria in Canticum canticorum 	39
Liber de divinis officiis 	99
Compendium 	25
Tabulae 	53
Libellus Rabbi Samuelis de adventu Messiae (secundum versionem Alphonsi Bonihominis) 	287
In Donati Artem maiorem 	6
In Priscianum 	2
De moribus 	40
De remediis fortuitorum 	250
Sermones de sanctissima eucharistia 	102
Sermones in festo omnium sanctorum 	158
Liber de exemplis naturalibus 	51
Sermones de oratione dominica 	33
Sermones super psalmum « Miserere » 	46
Chronica (Chronographia universalis) 	63
Ylias 	26
De gestis Domini salvatoris 	73
Summa iuniorum 	44
Diadema monachorum 	53
Speculum artis bene moriendi 	105
Speculum ecclesiae 	74
Speculum humanae salvationis 	400
Speculum perfectionis status fratris Minoris 	29
Speculum virginum 	36
Statuta ecclesiae antiqua 	22
Stella clericorum 	450
Speculum novitii 	33
Sermones 	65
Aaz apprehendens 	124
Summa fratris Alexandri 	208
Summa Iovis 	41
Summa rudium 	58
Summa sententiarum 	138
Summarium Bibliae 	367
Summarium Heinrici 	35
Sybilla Tiburtina 	112
Ordo judiciarius 	115
Pharetra fidei contra Iudaeos 	132
Liber de vita et obitu et miraculis sancti Dominici, et de ordine quem instituit 	28
Vita sanctae Elisabeth 	44
Chirurgia 	25
Theoduli Ecloga 	189
Liber urinarum 	30
Schedula diversarum artium 	28
Peregrinatio 	15
De regimine principum 	37
Determinatio compendiosa de iurisdictione imperii  	30
Historia ecclesiastica nova 	26
Imitatio Christi 	800
Catena aurea 	230
Collationes de decem praeceptis 	70
Collationes super Ave Maria 	61
Collationes super Credo in Deum 	142
Collationes super Pater 	100
Compendium theologiae 	98
Contra doctrinam retrahentium a religione 	27
Contra errores Graecorum 	55
Contra impugnantes Dei cultum et religionem 	54
De aeternitate mundi 	91
De articulis fidei et ecclesiae sacramentis 	278
De ente et essentia 	180
De forma absolutionis 	43
De iudiciis astrorum 	90
De mixtione elementorum 	117
De motu cordis 	126
De operationibus occultae naturae 	86
De perfectione spiritualis vitae 	120
De principiis naturae 	86
De rationibus fidei 	77
De regno ad regem Cypri 	86
De secreto 	44
De sortibus 	44
De substantiis separatis 	29
De unitate intellectus contra Averroistas 	55
Expositio libri Boetii De ebdomadibus 	25
Expositio libri Posteriorum 	55
Expositio super Isaiam ad litteram 	27
Expositio super Job ad litteram 	81
Expositio super primam et secundam decretalem 	28
In libros de caelo et mundo expositio 	37
Lectura super Johannem 	46
Quaestiones de quodlibet 	187
Quaestiones disputatae de anima 	80
Quaestiones disputatae de ingressu puerorum 	92
Quaestiones disputatae de malo 	85
Quaestiones disputatae de opere manuali 	47
Quaestiones disputatae de potentia Dei 	69
Quaestiones disputatae de spiritualibus creaturis 	57
Quaestiones disputatae de unione Verbi incarnati 	44
Quaestiones disputatae de veritate 	126
Quaestiones disputatae de virtutibus 	45
Responsio ad ducissam Brabantiae 	83
Responsio de 36 articulis 	31
Responsio de 43 articulis 	33
Responsio de 6 articulis 	52
Scriptum super libros Sententiarum 	250
Sentencia libri de anima 	82
Sentencia libri de sensu et sensato 	54
Sententia libri Ethicorum 	168
Sententia libri Metaphysicae 	79
Sententia libri Physicorum 	53
Sententia libri Politicorum 	27
Summa contra Gentiles 	173
Summa theologiae 	250
Super librum De causis expositio 	50
De fallaciis 	66
De propositionibus modalibus 	33
Expositio super oratione dominica ex diversis doctorum dictis collecta 	176
Ars dictandi 	48
Summa dictaminis 	66
Bonum universale de apibus 	126
De naturis rerum (vel De natura rerum) 	235
Summa confessorum 	100
Tractatus de decem praeceptis  	41
Novi modi significandi 	41
De septem gradibus contemplationis 	71
De tribus punctis Christianae religionis  	135
Manipulus florum (Flores doctorum) 	194
Expositio in libros I-X De civitate Dei 	78
Torneamentum monachorum 	22
Tractatus de sacrilegiis et immunitatibus et eorum compositionibus 	27
Trotula 	122
Historia Karoli Magni et Rotholandi 	174
Concordantiae caritatis 	40
Liber pauperum 	18
Carmina 	50
De laudibus beatae Mariae virginis 	48
Liber consolatorius ad Ludovicum regem de morte fili 	31
Speculum majus 	383
Sermones de tempore et de sanctis 	40
Chronica Polonorum 	31
Viri fratres, servi Dei 	41
Visio Fursei 	32
Visio Pauli 	113
Visio Philiberti 	200
Visio Tnugdali 	169
Vita beate Virginis Marie et Salvatoris rythmica 	50
Vita et passio sancti Vigilii Tridentini ep. mart.  	31
Vita prima sancti Bernardi 	131
Vita sancti Aegidii 	90
Vita Secundi philosophi  	101
Geta 	74
Vitas patrum 	379
Vix nodosum 	27
Vocabularius ex quo 	250
Waltharius 	12
Proverbia 	36
Apologia Socratis (secundum versionem Leonardi Bruni) 	45
Tyrannus (Hiero secundum versionem Leonardi Bruni) 	200
In unum ex quattuor  	100
Introductorium in astrologiam 	50
